Model,Training Accuracy,Test Accuracy
Custom CNN,0.5320921540260315,0.7928571428571428
MobileNetV2,0.5363427400588989,0.46377551020408164
ResNet50,0.12561988830566406,0.1441326530612245
